<?xml version="1.0"?>
<!--
    Описание схемы аддона версии 3.0
    Все параметры не отмеченные как необязательные должны быть определены в схеме.
    @edition_type - Необязательный атрибут, доступный для любого элемента, связанного с настройками. Определяет редакции, в которых доступна та или иная настройка. Берётся либо значение текущего узла, либо родителя, либо ROOT (если вообще ничего нет).
-->
<addon scheme="3.0" edition_type="ROOT,ULT:VENDOR">
    <!-- Идентификатор аддона; должен быть равен имени каталога, в котором лежит аддон. -->
    <id>vepay</id>
    <name>Vepay</name>
    <!-- Версия аддона -->
    <version>1.0</version>
    <!-- Родной язык аддона (по умолчанию). Необязательный параметр; если не указан, то язык будет распознаваться как английский (EN). -->
    <default_language>ru</default_language>
    <!-- Приоритет аддона. Чем выше, тем позже аддон подключается. -->
    <priority>100</priority>
    <!-- Статус, который будет выставлен после установки аддона (active/disabled). По умолчанию disabled. -->
    <status>active</status>

    <!-- Дополнительные запросы к базе данных-->
    <queries>
        <!-- Если параметр for="install" или его вообще нет - запрос выполняется во время установки аддона-->
        <item for="install">
            INSERT INTO `?:payment_processors` (`processor_id`, `processor`, `processor_script`, `processor_template`, `admin_template`, `callback`, `type`, `addon`) VALUES
            ('', 'Vepay', 'vepay.php', 'views/orders/components/payments/cc_outside.tpl', 'vepay.tpl', 'Y', 'P', 'vepay')
        </item>
        <!-- Если параметр for="uninstall", запрос выполняется во время удаления аддона-->
        <item for="uninstall">DELETE FROM ?:payment_processors WHERE processor = 'Vepay'</item>
    </queries>
    <!-- Пользовательские функции, вызывающиеся при наступлении определённых событий
            before_install - перед установкой аддона.
            install - после установки аддона, его шаблонов, настроек, языковых переменных, но перед его активацией и очисткой кэша
            uninstall - перед удалением
            -->
    <compatibility>
        <core_version>
            <min>4.2.0</min>
        </core_version>

        <php_version>
            <!-- The minimum PHP version required. -->
            <min>5.6.0</min>
        </php_version>

        <php_extensions>
            <curl>
                <supported>Y</supported>
            </curl>
            <!-- A required PHP extension with a specific version. -->
            <json>
                <supported>Y</supported>
            </json>
        </php_extensions>
    </compatibility>
</addon>